"","Kingdom","Phylum","Class","Order","Family","Genus","unique"
"Methanobrevibacter","Archaea","Euryarchaeota","Methanobacteria","Methanobacteriales","Methanobacteriaceae","Methanobrevibacter","Methanobrevibacter"
"Methanimicrococcus","Archaea","Euryarchaeota","Methanomicrobia","Methanosarcinales","Methanosarcinaceae","Methanimicrococcus","Methanimicrococcus"
"Deinobacterium","Bacteria","[Thermi]","Deinococci","Deinococcales","Deinococcaceae","Deinobacterium","Deinobacterium"
"Deinococcus","Bacteria","[Thermi]","Deinococci","Deinococcales","Deinococcaceae","Deinococcus","Deinococcus"
"B-42","Bacteria","[Thermi]","Deinococci","Deinococcales","Trueperaceae","B-42","B-42"
"Truepera","Bacteria","[Thermi]","Deinococci","Deinococcales","Trueperaceae","Truepera","Truepera"
"Meiothermus","Bacteria","[Thermi]","Deinococci","Thermales","Thermaceae","Meiothermus","Meiothermus"
"Holophaga","Bacteria","Acidobacteria","Holophagae","Holophagales","Holophagaceae","Holophaga","Holophaga"
"Ilumatobacter","Bacteria","Actinobacteria","Acidimicrobiia","Acidimicrobiales","C111","Ilumatobacter","Ilumatobacter"
"Planktophila","Bacteria","Actinobacteria","Actinobacteria","Actinomycetales","ACK-M1","Planktophila","Planktophila"
"Actinomyces","Bacteria","Actinobacteria","Actinobacteria","Actinomycetales","Actinomycetaceae","Actinomyces","Actinomyces"
"Bogoriella","Bacteria","Actinobacteria","Actinobacteria","Actinomycetales","Actinomycetaceae","Bogoriella","Bogoriella"
"Mobiluncus","Bacteria","Actinobacteria","Actinobacteria","Actinomycetales","Actinomycetaceae","Mobiluncus","Mobiluncus"
"Trueperella","Bacteria","Actinobacteria","Actinobacteria","Actinomycetales","Actinomycetaceae","Trueperella","Trueperella"
"Varibaculum","Bacteria","Actinobacteria","Actinobacteria","Actinomycetales","Actinomycetaceae","Varibaculum","Varibaculum"
"Beutenbergia","Bacteria","Actinobacteria","Actinobacteria","Actinomycetales","Beutenbergiaceae","Beutenbergia","Beutenbergia"
"Serinibacter","Bacteria","Actinobacteria","Actinobacteria","Actinomycetales","Beutenbergiaceae","Serinibacter","Serinibacter"
"Brevibacterium","Bacteria","Actinobacteria","Actinobacteria","Actinomycetales","Brevibacteriaceae","Brevibacterium","Brevibacterium"
"Corynebacterium","Bacteria","Actinobacteria","Actinobacteria","Actinomycetales","Corynebacteriaceae","Corynebacterium","Corynebacterium"
"Devriesea","Bacteria","Actinobacteria","Actinobacteria","Actinomycetales","Dermabacteraceae","Devriesea","Devriesea"
"Helcobacillus","Bacteria","Actinobacteria","Actinobacteria","Actinomycetales","Dermabacteraceae","Helcobacillus","Helcobacillus"
"Kineosphaera","Bacteria","Actinobacteria","Actinobacteria","Actinomycetales","Dermatophilaceae","Kineosphaera","Kineosphaera"
"Dietzia","Bacteria","Actinobacteria","Actinobacteria","Actinomycetales","Dietziaceae","Dietzia","Dietzia"
"Blastococcus","Bacteria","Actinobacteria","Actinobacteria","Actinomycetales","Geodermatophilaceae","Blastococcus","Blastococcus"
"Millisia","Bacteria","Actinobacteria","Actinobacteria","Actinomycetales","Gordoniaceae","Millisia","Millisia"
"Arsenicicoccus","Bacteria","Actinobacteria","Actinobacteria","Actinomycetales","Intrasporangiaceae","Arsenicicoccus","Arsenicicoccus"
"Kribbia","Bacteria","Actinobacteria","Actinobacteria","Actinomycetales","Intrasporangiaceae","Kribbia","Kribbia"
"Marihabitans","Bacteria","Actinobacteria","Actinobacteria","Actinomycetales","Intrasporangiaceae","Marihabitans","Marihabitans"
"Ornithinicoccus","Bacteria","Actinobacteria","Actinobacteria","Actinomycetales","Intrasporangiaceae","Ornithinicoccus","Ornithinicoccus"
"Ornithinimicrobium","Bacteria","Actinobacteria","Actinobacteria","Actinomycetales","Intrasporangiaceae","Ornithinimicrobium","Ornithinimicrobium"
"Tetrasphaera","Bacteria","Actinobacteria","Actinobacteria","Actinomycetales","Intrasporangiaceae","Tetrasphaera","Tetrasphaera"
"Jonesia","Bacteria","Actinobacteria","Actinobacteria","Actinomycetales","Jonesiaceae","Jonesia","Jonesia"
"Kineosporia","Bacteria","Actinobacteria","Actinobacteria","Actinomycetales","Kineosporiaceae","Kineosporia","Kineosporia"
"Quadrisphaera","Bacteria","Actinobacteria","Actinobacteria","Actinomycetales","Kineosporiaceae","Quadrisphaera","Quadrisphaera"
"Herbiconiux","Bacteria","Actinobacteria","Actinobacteria","Actinomycetales","Microbacteriaceae","Herbiconiux","Herbiconiux"
"Leifsonia","Bacteria","Actinobacteria","Actinobacteria","Actinomycetales","Microbacteriaceae","Leifsonia","Leifsonia"
"Limnoluna","Bacteria","Actinobacteria","Actinobacteria","Actinomycetales","Microbacteriaceae","Limnoluna","Limnoluna"
"Pseudoclavibacter","Bacteria","Actinobacteria","Actinobacteria","Actinomycetales","Microbacteriaceae","Pseudoclavibacter","Pseudoclavibacter"
"Arthrobacter","Bacteria","Actinobacteria","Actinobacteria","Actinomycetales","Micrococcaceae","Arthrobacter","Arthrobacter"
"Kocuria","Bacteria","Actinobacteria","Actinobacteria","Actinomycetales","Micrococcaceae","Kocuria","Kocuria"
"Micrococcus","Bacteria","Actinobacteria","Actinobacteria","Actinomycetales","Micrococcaceae","Micrococcus","Micrococcus"
"Rothia","Bacteria","Actinobacteria","Actinobacteria","Actinomycetales","Micrococcaceae","Rothia","Rothia"
"Humicoccus","Bacteria","Actinobacteria","Actinobacteria","Actinomycetales","Nakamurellaceae","Humicoccus","Humicoccus"
"Marmoricola","Bacteria","Actinobacteria","Actinobacteria","Actinomycetales","Nocardioidaceae","Marmoricola","Marmoricola"
"Nocardioides","Bacteria","Actinobacteria","Actinobacteria","Actinomycetales","Nocardioidaceae","Nocardioides","Nocardioides"
"Luteimicrobium","Bacteria","Actinobacteria","Actinobacteria","Actinomycetales","Promicromonosporaceae","Luteimicrobium","Luteimicrobium"
"Brooklawnia","Bacteria","Actinobacteria","Actinobacteria","Actinomycetales","Propionibacteriaceae","Brooklawnia","Brooklawnia"
"Actinomycetospora","Bacteria","Actinobacteria","Actinobacteria","Actinomycetales","Pseudonocardiaceae","Actinomycetospora","Actinomycetospora"
"Actinophytocola","Bacteria","Actinobacteria","Actinobacteria","Actinomycetales","Pseudonocardiaceae","Actinophytocola","Actinophytocola"
"Sanguibacter","Bacteria","Actinobacteria","Actinobacteria","Actinomycetales","Sanguibacteraceae","Sanguibacter","Sanguibacter"
"Streptomyces","Bacteria","Actinobacteria","Actinobacteria","Actinomycetales","Streptomycetaceae","Streptomyces","Streptomyces"
"Actinomadura","Bacteria","Actinobacteria","Actinobacteria","Actinomycetales","Thermomonosporaceae","Actinomadura","Actinomadura"
"Aeriscardovia","Bacteria","Actinobacteria","Actinobacteria","Bifidobacteriales","Bifidobacteriaceae","Aeriscardovia","Aeriscardovia"
"Alloscardovia","Bacteria","Actinobacteria","Actinobacteria","Bifidobacteriales","Bifidobacteriaceae","Alloscardovia","Alloscardovia"
"Bifidobacterium","Bacteria","Actinobacteria","Actinobacteria","Bifidobacteriales","Bifidobacteriaceae","Bifidobacterium","Bifidobacterium"
"Collinsella","Bacteria","Actinobacteria","Coriobacteriia","Coriobacteriales","Coriobacteriaceae","Collinsella","Collinsella"
"Coriobacterium","Bacteria","Actinobacteria","Coriobacteriia","Coriobacteriales","Coriobacteriaceae","Coriobacterium","Coriobacterium"
"Eggerthella","Bacteria","Actinobacteria","Coriobacteriia","Coriobacteriales","Coriobacteriaceae","Eggerthella","Eggerthella"
"Enterococcus","Bacteria","Actinobacteria","Coriobacteriia","Coriobacteriales","Coriobacteriaceae","Enterococcus","Enterococcus"
"Olsenella","Bacteria","Actinobacteria","Coriobacteriia","Coriobacteriales","Coriobacteriaceae","Olsenella","Olsenella"
"Paraeggerthella","Bacteria","Actinobacteria","Coriobacteriia","Coriobacteriales","Coriobacteriaceae","Paraeggerthella","Paraeggerthella"
"Euzebya","Bacteria","Actinobacteria","Nitriliruptoria","Euzebyales","Euzebyaceae","Euzebya","Euzebya"
"Nitriliruptor","Bacteria","Actinobacteria","Nitriliruptoria","Nitriliruptorales","Nitriliruptoraceae","Nitriliruptor","Nitriliruptor"
"Gaiella","Bacteria","Actinobacteria","Thermoleophilia","Gaiellales","Gaiellaceae","Gaiella","Gaiella"
"Solirubrobacter","Bacteria","Actinobacteria","Thermoleophilia","Solirubrobacterales","Solirubrobacteraceae","Solirubrobacter","Solirubrobacter"
"Fimbriimonas","Bacteria","Armatimonadetes","[Fimbriimonadia]","[Fimbriimonadales]","[Fimbriimonadaceae]","Fimbriimonas","Fimbriimonas"
"Rubricoccus","Bacteria","Bacteroidetes","[Rhodothermi]","[Rhodothermales]","Rhodothermaceae","Rubricoccus","Rubricoccus"
"Filimonas","Bacteria","Bacteroidetes","[Saprospirae]","[Saprospirales]","Chitinophagaceae","Filimonas","Filimonas"
"Lacibacter","Bacteria","Bacteroidetes","[Saprospirae]","[Saprospirales]","Chitinophagaceae","Lacibacter","Lacibacter"
"Parasegitibacter","Bacteria","Bacteroidetes","[Saprospirae]","[Saprospirales]","Chitinophagaceae","Parasegitibacter","Parasegitibacter"
"Terrimonas","Bacteria","Bacteroidetes","[Saprospirae]","[Saprospirales]","Chitinophagaceae","Terrimonas","Terrimonas"
"Trachelomonas","Bacteria","Bacteroidetes","[Saprospirae]","[Saprospirales]","Chitinophagaceae","Trachelomonas","Trachelomonas"
"Barnesiella","Bacteria","Bacteroidetes","Bacteroidia","Bacteroidales","[Barnesiellaceae]","Barnesiella","Barnesiella"
"Butyricimonas","Bacteria","Bacteroidetes","Bacteroidia","Bacteroidales","[Odoribacteraceae]","Butyricimonas","Butyricimonas"
"Odoribacter","Bacteria","Bacteroidetes","Bacteroidia","Bacteroidales","[Odoribacteraceae]","Odoribacter","Odoribacter"
"[Prevotella]","Bacteria","Bacteroidetes","Bacteroidia","Bacteroidales","[Paraprevotellaceae]","[Prevotella]","[Prevotella]"
"CF231","Bacteria","Bacteroidetes","Bacteroidia","Bacteroidales","[Paraprevotellaceae]","CF231","CF231"
"Paraprevotella","Bacteria","Bacteroidetes","Bacteroidia","Bacteroidales","[Paraprevotellaceae]","Paraprevotella","Paraprevotella"
"YRC22","Bacteria","Bacteroidetes","Bacteroidia","Bacteroidales","[Paraprevotellaceae]","YRC22","YRC22"
"5-7N15","Bacteria","Bacteroidetes","Bacteroidia","Bacteroidales","Bacteroidaceae","5-7N15","5-7N15"
"Bacteria_Bacteroidetes_Bacteroidia_Bacteroidales_Bacteroidaceae_Bacteroides","Bacteria","Bacteroidetes","Bacteroidia","Bacteroidales","Bacteroidaceae","Bacteroides","Bacteria_Bacteroidetes_Bacteroidia_Bacteroidales_Bacteroidaceae_Bacteroides"
"Bacteria_Bacteroidetes_Bacteroidia_Bacteroidales_Marinilabiaceae_Cytophaga","Bacteria","Bacteroidetes","Bacteroidia","Bacteroidales","Marinilabiaceae","Cytophaga","Bacteria_Bacteroidetes_Bacteroidia_Bacteroidales_Marinilabiaceae_Cytophaga"
"Marinilabilia","Bacteria","Bacteroidetes","Bacteroidia","Bacteroidales","Marinilabiaceae","Marinilabilia","Marinilabilia"
"Dysgonomonas","Bacteria","Bacteroidetes","Bacteroidia","Bacteroidales","Porphyromonadaceae","Dysgonomonas","Dysgonomonas"
"Macellibacteroides","Bacteria","Bacteroidetes","Bacteroidia","Bacteroidales","Porphyromonadaceae","Macellibacteroides","Macellibacteroides"
"Parabacteroides","Bacteria","Bacteroidetes","Bacteroidia","Bacteroidales","Porphyromonadaceae","Parabacteroides","Parabacteroides"
"Petrimonas","Bacteria","Bacteroidetes","Bacteroidia","Bacteroidales","Porphyromonadaceae","Petrimonas","Petrimonas"
"Proteiniphilum","Bacteria","Bacteroidetes","Bacteroidia","Bacteroidales","Porphyromonadaceae","Proteiniphilum","Proteiniphilum"
"Vestibaculum","Bacteria","Bacteroidetes","Bacteroidia","Bacteroidales","Porphyromonadaceae","Vestibaculum","Vestibaculum"
"Prevotella","Bacteria","Bacteroidetes","Bacteroidia","Bacteroidales","Prevotellaceae","Prevotella","Prevotella"
"Alistipes","Bacteria","Bacteroidetes","Bacteroidia","Bacteroidales","Rikenellaceae","Alistipes","Alistipes"
"Algoriphagus","Bacteria","Bacteroidetes","Cytophagia","Cytophagales","Cyclobacteriaceae","Algoriphagus","Algoriphagus"
"Bacteria_Bacteroidetes_Cytophagia_Cytophagales_Cytophagaceae_Cytophaga","Bacteria","Bacteroidetes","Cytophagia","Cytophagales","Cytophagaceae","Cytophaga","Bacteria_Bacteroidetes_Cytophagia_Cytophagales_Cytophagaceae_Cytophaga"
"Dyadobacter","Bacteria","Bacteroidetes","Cytophagia","Cytophagales","Cytophagaceae","Dyadobacter","Dyadobacter"
"Rhodocytophaga","Bacteria","Bacteroidetes","Cytophagia","Cytophagales","Cytophagaceae","Rhodocytophaga","Rhodocytophaga"
"Rudanella","Bacteria","Bacteroidetes","Cytophagia","Cytophagales","Cytophagaceae","Rudanella","Rudanella"
"Siphonobacter","Bacteria","Bacteroidetes","Cytophagia","Cytophagales","Cytophagaceae","Siphonobacter","Siphonobacter"
"Spirosoma","Bacteria","Bacteroidetes","Cytophagia","Cytophagales","Cytophagaceae","Spirosoma","Spirosoma"
"Marinoscillum","Bacteria","Bacteroidetes","Cytophagia","Cytophagales","Flammeovirgaceae","Marinoscillum","Marinoscillum"
"Porifericola","Bacteria","Bacteroidetes","Cytophagia","Cytophagales","Flammeovirgaceae","Porifericola","Porifericola"
"Bergeyella","Bacteria","Bacteroidetes","Flavobacteriia","Flavobacteriales","[Weeksellaceae]","Bergeyella","Bergeyella"
"Elizabethkingia","Bacteria","Bacteroidetes","Flavobacteriia","Flavobacteriales","[Weeksellaceae]","Elizabethkingia","Elizabethkingia"
"Ornithobacterium","Bacteria","Bacteroidetes","Flavobacteriia","Flavobacteriales","[Weeksellaceae]","Ornithobacterium","Ornithobacterium"
"Wautersiella","Bacteria","Bacteroidetes","Flavobacteriia","Flavobacteriales","[Weeksellaceae]","Wautersiella","Wautersiella"
"Weeksella","Bacteria","Bacteroidetes","Flavobacteriia","Flavobacteriales","[Weeksellaceae]","Weeksella","Weeksella"
"Coccinistipes","Bacteria","Bacteroidetes","Flavobacteriia","Flavobacteriales","Cryomorphaceae","Coccinistipes","Coccinistipes"
"Lishizhenia","Bacteria","Bacteroidetes","Flavobacteriia","Flavobacteriales","Cryomorphaceae","Lishizhenia","Lishizhenia"
"Aquimarina","Bacteria","Bacteroidetes","Flavobacteriia","Flavobacteriales","Flavobacteriaceae","Aquimarina","Aquimarina"
"Bizionia","Bacteria","Bacteroidetes","Flavobacteriia","Flavobacteriales","Flavobacteriaceae","Bizionia","Bizionia"
"Cellulophaga","Bacteria","Bacteroidetes","Flavobacteriia","Flavobacteriales","Flavobacteriaceae","Cellulophaga","Cellulophaga"
"Flavobacterium","Bacteria","Bacteroidetes","Flavobacteriia","Flavobacteriales","Flavobacteriaceae","Flavobacterium","Flavobacterium"
"Lutaonella","Bacteria","Bacteroidetes","Flavobacteriia","Flavobacteriales","Flavobacteriaceae","Lutaonella","Lutaonella"
"Nonlabens","Bacteria","Bacteroidetes","Flavobacteriia","Flavobacteriales","Flavobacteriaceae","Nonlabens","Nonlabens"
"Persicivirga","Bacteria","Bacteroidetes","Flavobacteriia","Flavobacteriales","Flavobacteriaceae","Persicivirga","Persicivirga"
"Tenacibaculum","Bacteria","Bacteroidetes","Flavobacteriia","Flavobacteriales","Flavobacteriaceae","Tenacibaculum","Tenacibaculum"
"Mucilaginibacter","Bacteria","Bacteroidetes","Sphingobacteriia","Sphingobacteriales","Sphingobacteriaceae","Mucilaginibacter","Mucilaginibacter"
"Olivibacter","Bacteria","Bacteroidetes","Sphingobacteriia","Sphingobacteriales","Sphingobacteriaceae","Olivibacter","Olivibacter"
"Parapedobacter","Bacteria","Bacteroidetes","Sphingobacteriia","Sphingobacteriales","Sphingobacteriaceae","Parapedobacter","Parapedobacter"
"Pedobacter","Bacteria","Bacteroidetes","Sphingobacteriia","Sphingobacteriales","Sphingobacteriaceae","Pedobacter","Pedobacter"
"Sphingobacterium","Bacteria","Bacteroidetes","Sphingobacteriia","Sphingobacteriales","Sphingobacteriaceae","Sphingobacterium","Sphingobacterium"
"Simkania","Bacteria","Chlamydiae","Chlamydiia","Chlamydiales","Simkaniaceae","Simkania","Simkania"
"Chlorobium","Bacteria","Chlorobi","Chlorobia","Chlorobiales","Chlorobiaceae","Chlorobium","Chlorobium"
"Anaerolinea","Bacteria","Chloroflexi","Anaerolineae","Anaerolineales","Anaerolinaceae","Anaerolinea","Anaerolinea"
"SHD-231","Bacteria","Chloroflexi","Anaerolineae","Anaerolineales","Anaerolinaceae","SHD-231","SHD-231"
"T78","Bacteria","Chloroflexi","Anaerolineae","Anaerolineales","Anaerolinaceae","T78","T78"
"Ardenscatena","Bacteria","Chloroflexi","Anaerolineae","Ardenscatenales","Ardenscatenaceae","Ardenscatena","Ardenscatena"
"Litorilinea","Bacteria","Chloroflexi","Anaerolineae","Caldilineales","Caldilineaceae","Litorilinea","Litorilinea"
"Kouleothrix","Bacteria","Chloroflexi","Chloroflexi","[Roseiflexales]","[Kouleothrixaceae]","Kouleothrix","Kouleothrix"
"Chloronema","Bacteria","Chloroflexi","Chloroflexi","Chloroflexales","Chloroflexaceae","Chloronema","Chloronema"
"Oscillochloris","Bacteria","Chloroflexi","Chloroflexi","Chloroflexales","Oscillochloridaceae","Oscillochloris","Oscillochloris"
"Chloroidium","Bacteria","Cyanobacteria","Chloroplast","Chlorophyta","Trebouxiophyceae","Chloroidium","Chloroidium"
"Halomicronema","Bacteria","Cyanobacteria","Synechococcophycideae","Pseudanabaenales","Pseudanabaenaceae","Halomicronema","Halomicronema"
"Leptolyngbya","Bacteria","Cyanobacteria","Synechococcophycideae","Pseudanabaenales","Pseudanabaenaceae","Leptolyngbya","Leptolyngbya"
"Mucispirillum","Bacteria","Deferribacteres","Deferribacteres","Deferribacterales","Deferribacteraceae","Mucispirillum","Mucispirillum"
"Elusimicrobium","Bacteria","Elusimicrobia","Elusimicrobia","Elusimicrobiales","Elusimicrobiaceae","Elusimicrobium","Elusimicrobium"
"Bacteria_Firmicutes_Bacilli_Bacillales_Bacillaceae_Bacillus","Bacteria","Firmicutes","Bacilli","Bacillales","Bacillaceae","Bacillus","Bacteria_Firmicutes_Bacilli_Bacillales_Bacillaceae_Bacillus"
"Marinococcus","Bacteria","Firmicutes","Bacilli","Bacillales","Bacillaceae","Marinococcus","Marinococcus"
"Oceanobacillus","Bacteria","Firmicutes","Bacilli","Bacillales","Bacillaceae","Oceanobacillus","Oceanobacillus"
"Terribacillus","Bacteria","Firmicutes","Bacilli","Bacillales","Bacillaceae","Terribacillus","Terribacillus"
"Aneurinibacillus","Bacteria","Firmicutes","Bacilli","Bacillales","Paenibacillaceae","Aneurinibacillus","Aneurinibacillus"
"Brevibacillus","Bacteria","Firmicutes","Bacilli","Bacillales","Paenibacillaceae","Brevibacillus","Brevibacillus"
"Paenibacillus","Bacteria","Firmicutes","Bacilli","Bacillales","Paenibacillaceae","Paenibacillus","Paenibacillus"
"Saccharibacillus","Bacteria","Firmicutes","Bacilli","Bacillales","Paenibacillaceae","Saccharibacillus","Saccharibacillus"
"Bacteria_Firmicutes_Bacilli_Bacillales_Planococcaceae_Bacillus","Bacteria","Firmicutes","Bacilli","Bacillales","Planococcaceae","Bacillus","Bacteria_Firmicutes_Bacilli_Bacillales_Planococcaceae_Bacillus"
"Kurthia","Bacteria","Firmicutes","Bacilli","Bacillales","Planococcaceae","Kurthia","Kurthia"
"Solibacillus","Bacteria","Firmicutes","Bacilli","Bacillales","Planococcaceae","Solibacillus","Solibacillus"
"Sporosarcina","Bacteria","Firmicutes","Bacilli","Bacillales","Planococcaceae","Sporosarcina","Sporosarcina"
"Staphylococcus","Bacteria","Firmicutes","Bacilli","Bacillales","Planococcaceae","Staphylococcus","Staphylococcus"
"Macrococcus","Bacteria","Firmicutes","Bacilli","Bacillales","Staphylococcaceae","Macrococcus","Macrococcus"
"Thermoactinomyces","Bacteria","Firmicutes","Bacilli","Bacillales","Thermoactinomycetaceae","Thermoactinomyces","Thermoactinomyces"
"Haloplasma","Bacteria","Firmicutes","Bacilli","Haloplasmatales","Haloplasmataceae","Haloplasma","Haloplasma"
"Abiotrophia","Bacteria","Firmicutes","Bacilli","Lactobacillales","Aerococcaceae","Abiotrophia","Abiotrophia"
"Alkalibacterium","Bacteria","Firmicutes","Bacilli","Lactobacillales","Aerococcaceae","Alkalibacterium","Alkalibacterium"
"Allofustis","Bacteria","Firmicutes","Bacilli","Lactobacillales","Aerococcaceae","Allofustis","Allofustis"
"Atopococcus","Bacteria","Firmicutes","Bacilli","Lactobacillales","Aerococcaceae","Atopococcus","Atopococcus"
"Atopostipes","Bacteria","Firmicutes","Bacilli","Lactobacillales","Aerococcaceae","Atopostipes","Atopostipes"
"Granulicatella","Bacteria","Firmicutes","Bacilli","Lactobacillales","Aerococcaceae","Granulicatella","Granulicatella"
"Lacticigenium","Bacteria","Firmicutes","Bacilli","Lactobacillales","Aerococcaceae","Lacticigenium","Lacticigenium"
"Marinilactibacillus","Bacteria","Firmicutes","Bacilli","Lactobacillales","Aerococcaceae","Marinilactibacillus","Marinilactibacillus"
"Isobaculum","Bacteria","Firmicutes","Bacilli","Lactobacillales","Carnobacteriaceae","Isobaculum","Isobaculum"
"Melissococcus","Bacteria","Firmicutes","Bacilli","Lactobacillales","Enterococcaceae","Melissococcus","Melissococcus"
"Lactobacillus","Bacteria","Firmicutes","Bacilli","Lactobacillales","Lactobacillaceae","Lactobacillus","Lactobacillus"
"Pediococcus","Bacteria","Firmicutes","Bacilli","Lactobacillales","Lactobacillaceae","Pediococcus","Pediococcus"
"Leuconostoc","Bacteria","Firmicutes","Bacilli","Lactobacillales","Leuconostocaceae","Leuconostoc","Leuconostoc"
"Weissella","Bacteria","Firmicutes","Bacilli","Lactobacillales","Leuconostocaceae","Weissella","Weissella"
"Lactococcus","Bacteria","Firmicutes","Bacilli","Lactobacillales","Streptococcaceae","Lactococcus","Lactococcus"
"Streptococcus","Bacteria","Firmicutes","Bacilli","Lactobacillales","Streptococcaceae","Streptococcus","Streptococcus"
"Guggenheimella","Bacteria","Firmicutes","Clostridia","Clostridiales","[Acidaminobacteraceae]","Guggenheimella","Guggenheimella"
"Anaerococcus","Bacteria","Firmicutes","Clostridia","Clostridiales","[Tissierellaceae]","Anaerococcus","Anaerococcus"
"Gallicola","Bacteria","Firmicutes","Clostridia","Clostridiales","[Tissierellaceae]","Gallicola","Gallicola"
"GW-34","Bacteria","Firmicutes","Clostridia","Clostridiales","[Tissierellaceae]","GW-34","GW-34"
"Helcococcus","Bacteria","Firmicutes","Clostridia","Clostridiales","[Tissierellaceae]","Helcococcus","Helcococcus"
"Peptoniphilus","Bacteria","Firmicutes","Clostridia","Clostridiales","[Tissierellaceae]","Peptoniphilus","Peptoniphilus"
"ph2","Bacteria","Firmicutes","Clostridia","Clostridiales","[Tissierellaceae]","ph2","ph2"
"Bacteria_Firmicutes_Clostridia_Clostridiales_Clostridiaceae_Clostridium","Bacteria","Firmicutes","Clostridia","Clostridiales","Clostridiaceae","Clostridium","Bacteria_Firmicutes_Clostridia_Clostridiales_Clostridiaceae_Clostridium"
"Proteiniborus","Bacteria","Firmicutes","Clostridia","Clostridiales","Clostridiaceae","Proteiniborus","Proteiniborus"
"Anaerofustis","Bacteria","Firmicutes","Clostridia","Clostridiales","Eubacteriaceae","Anaerofustis","Anaerofustis"
"Garciella","Bacteria","Firmicutes","Clostridia","Clostridiales","Eubacteriaceae","Garciella","Garciella"
"Bacteria_Firmicutes_Clostridia_Clostridiales_Lachnospiraceae_Bacteroides","Bacteria","Firmicutes","Clostridia","Clostridiales","Lachnospiraceae","Bacteroides","Bacteria_Firmicutes_Clostridia_Clostridiales_Lachnospiraceae_Bacteroides"
"Butyrivibrio","Bacteria","Firmicutes","Clostridia","Clostridiales","Lachnospiraceae","Butyrivibrio","Butyrivibrio"
"Bacteria_Firmicutes_Clostridia_Clostridiales_Lachnospiraceae_Clostridium","Bacteria","Firmicutes","Clostridia","Clostridiales","Lachnospiraceae","Clostridium","Bacteria_Firmicutes_Clostridia_Clostridiales_Lachnospiraceae_Clostridium"
"Coprococcus","Bacteria","Firmicutes","Clostridia","Clostridiales","Lachnospiraceae","Coprococcus","Coprococcus"
"Defluviitalea","Bacteria","Firmicutes","Clostridia","Clostridiales","Lachnospiraceae","Defluviitalea","Defluviitalea"
"Dorea","Bacteria","Firmicutes","Clostridia","Clostridiales","Lachnospiraceae","Dorea","Dorea"
"Hespellia","Bacteria","Firmicutes","Clostridia","Clostridiales","Lachnospiraceae","Hespellia","Hespellia"
"Lactonifactor","Bacteria","Firmicutes","Clostridia","Clostridiales","Lachnospiraceae","Lactonifactor","Lactonifactor"
"Marvinbryantia","Bacteria","Firmicutes","Clostridia","Clostridiales","Lachnospiraceae","Marvinbryantia","Marvinbryantia"
"Roseburia","Bacteria","Firmicutes","Clostridia","Clostridiales","Lachnospiraceae","Roseburia","Roseburia"
"Bacteria_Firmicutes_Clostridia_Clostridiales_Lachnospiraceae_Ruminococcus","Bacteria","Firmicutes","Clostridia","Clostridiales","Lachnospiraceae","Ruminococcus","Bacteria_Firmicutes_Clostridia_Clostridiales_Lachnospiraceae_Ruminococcus"
"Syntrophococcus","Bacteria","Firmicutes","Clostridia","Clostridiales","Lachnospiraceae","Syntrophococcus","Syntrophococcus"
"Niigata-25","Bacteria","Firmicutes","Clostridia","Clostridiales","Peptococcaceae","Niigata-25","Niigata-25"
"rc4-4","Bacteria","Firmicutes","Clostridia","Clostridiales","Peptococcaceae","rc4-4","rc4-4"
"[Clostridium]","Bacteria","Firmicutes","Clostridia","Clostridiales","Peptostreptococcaceae","[Clostridium]","[Clostridium]"
"Bacteria_Firmicutes_Clostridia_Clostridiales_Peptostreptococcaceae_Clostridium","Bacteria","Firmicutes","Clostridia","Clostridiales","Peptostreptococcaceae","Clostridium","Bacteria_Firmicutes_Clostridia_Clostridiales_Peptostreptococcaceae_Clostridium"
"Filifactor","Bacteria","Firmicutes","Clostridia","Clostridiales","Peptostreptococcaceae","Filifactor","Filifactor"
"Peptostreptococcus","Bacteria","Firmicutes","Clostridia","Clostridiales","Peptostreptococcaceae","Peptostreptococcus","Peptostreptococcus"
"Proteocatella","Bacteria","Firmicutes","Clostridia","Clostridiales","Peptostreptococcaceae","Proteocatella","Proteocatella"
"Bacteria_Firmicutes_Clostridia_Clostridiales_Ruminococcaceae_Bacteroides","Bacteria","Firmicutes","Clostridia","Clostridiales","Ruminococcaceae","Bacteroides","Bacteria_Firmicutes_Clostridia_Clostridiales_Ruminococcaceae_Bacteroides"
"Butyricicoccus","Bacteria","Firmicutes","Clostridia","Clostridiales","Ruminococcaceae","Butyricicoccus","Butyricicoccus"
"Bacteria_Firmicutes_Clostridia_Clostridiales_Ruminococcaceae_Clostridium","Bacteria","Firmicutes","Clostridia","Clostridiales","Ruminococcaceae","Clostridium","Bacteria_Firmicutes_Clostridia_Clostridiales_Ruminococcaceae_Clostridium"
"Ethanoligenens","Bacteria","Firmicutes","Clostridia","Clostridiales","Ruminococcaceae","Ethanoligenens","Ethanoligenens"
"Faecalibacterium","Bacteria","Firmicutes","Clostridia","Clostridiales","Ruminococcaceae","Faecalibacterium","Faecalibacterium"
"Gemmiger","Bacteria","Firmicutes","Clostridia","Clostridiales","Ruminococcaceae","Gemmiger","Gemmiger"
"Oscillospira","Bacteria","Firmicutes","Clostridia","Clostridiales","Ruminococcaceae","Oscillospira","Oscillospira"
"Papillibacter","Bacteria","Firmicutes","Clostridia","Clostridiales","Ruminococcaceae","Papillibacter","Papillibacter"
"Bacteria_Firmicutes_Clostridia_Clostridiales_Ruminococcaceae_Ruminococcus","Bacteria","Firmicutes","Clostridia","Clostridiales","Ruminococcaceae","Ruminococcus","Bacteria_Firmicutes_Clostridia_Clostridiales_Ruminococcaceae_Ruminococcus"
"Sporobacter","Bacteria","Firmicutes","Clostridia","Clostridiales","Ruminococcaceae","Sporobacter","Sporobacter"
"Subdoligranulum","Bacteria","Firmicutes","Clostridia","Clostridiales","Ruminococcaceae","Subdoligranulum","Subdoligranulum"
"Anaerosinus","Bacteria","Firmicutes","Clostridia","Clostridiales","Veillonellaceae","Anaerosinus","Anaerosinus"
"Pectinatus","Bacteria","Firmicutes","Clostridia","Clostridiales","Veillonellaceae","Pectinatus","Pectinatus"
"Selenomonas","Bacteria","Firmicutes","Clostridia","Clostridiales","Veillonellaceae","Selenomonas","Selenomonas"
"Succinispira","Bacteria","Firmicutes","Clostridia","Clostridiales","Veillonellaceae","Succinispira","Succinispira"
"Thermosinus","Bacteria","Firmicutes","Clostridia","Clostridiales","Veillonellaceae","Thermosinus","Thermosinus"
"Halanaerobium","Bacteria","Firmicutes","Clostridia","Halanaerobiales","Halanaerobiaceae","Halanaerobium","Halanaerobium"
"Dethiobacter","Bacteria","Firmicutes","Clostridia","Natranaerobiales","Anaerobrancaceae","Dethiobacter","Dethiobacter"
"[Eubacterium]","Bacteria","Firmicutes","Erysipelotrichi","Erysipelotrichales","Erysipelotrichaceae","[Eubacterium]","[Eubacterium]"
"Allobaculum","Bacteria","Firmicutes","Erysipelotrichi","Erysipelotrichales","Erysipelotrichaceae","Allobaculum","Allobaculum"
"Anaerorhabdus","Bacteria","Firmicutes","Erysipelotrichi","Erysipelotrichales","Erysipelotrichaceae","Anaerorhabdus","Anaerorhabdus"
"Bulleidia","Bacteria","Firmicutes","Erysipelotrichi","Erysipelotrichales","Erysipelotrichaceae","Bulleidia","Bulleidia"
"Catenibacterium","Bacteria","Firmicutes","Erysipelotrichi","Erysipelotrichales","Erysipelotrichaceae","Catenibacterium","Catenibacterium"
"Bacteria_Firmicutes_Erysipelotrichi_Erysipelotrichales_Erysipelotrichaceae_Clostridium","Bacteria","Firmicutes","Erysipelotrichi","Erysipelotrichales","Erysipelotrichaceae","Clostridium","Bacteria_Firmicutes_Erysipelotrichi_Erysipelotrichales_Erysipelotrichaceae_Clostridium"
"Bacteria_Firmicutes_Erysipelotrichi_Erysipelotrichales_Erysipelotrichaceae_gut","Bacteria","Firmicutes","Erysipelotrichi","Erysipelotrichales","Erysipelotrichaceae","gut","Bacteria_Firmicutes_Erysipelotrichi_Erysipelotrichales_Erysipelotrichaceae_gut"
"Holdemania","Bacteria","Firmicutes","Erysipelotrichi","Erysipelotrichales","Erysipelotrichaceae","Holdemania","Holdemania"
"L7A_E11","Bacteria","Firmicutes","Erysipelotrichi","Erysipelotrichales","Erysipelotrichaceae","L7A_E11","L7A_E11"
"Sharpea","Bacteria","Firmicutes","Erysipelotrichi","Erysipelotrichales","Erysipelotrichaceae","Sharpea","Sharpea"
"Streptobacillus","Bacteria","Fusobacteria","Fusobacteriia","Fusobacteriales","Leptotrichiaceae","Streptobacillus","Streptobacillus"
"Gemmatimonas","Bacteria","Gemmatimonadetes","Gemmatimonadetes","Gemmatimonadales","Gemmatimonadaceae","Gemmatimonas","Gemmatimonas"
"Victivallis","Bacteria","Lentisphaerae","[Lentisphaeria]","Victivallales","Victivallaceae","Victivallis","Victivallis"
"Nitrospira","Bacteria","Nitrospirae","Nitrospira","Nitrospirales","Nitrospiraceae","Nitrospira","Nitrospira"
"Arthrospira","Bacteria","Proteobacteria","Alphaproteobacteria","Caulobacterales","Caulobacteraceae","Arthrospira","Arthrospira"
"Brevundimonas","Bacteria","Proteobacteria","Alphaproteobacteria","Caulobacterales","Caulobacteraceae","Brevundimonas","Brevundimonas"
"Caulobacter","Bacteria","Proteobacteria","Alphaproteobacteria","Caulobacterales","Caulobacteraceae","Caulobacter","Caulobacter"
"Nitrobacteria","Bacteria","Proteobacteria","Alphaproteobacteria","Caulobacterales","Caulobacteraceae","Nitrobacteria","Nitrobacteria"
"Aurantimonas","Bacteria","Proteobacteria","Alphaproteobacteria","Rhizobiales","Aurantimonadaceae","Aurantimonas","Aurantimonas"
"Bartonella","Bacteria","Proteobacteria","Alphaproteobacteria","Rhizobiales","Bartonellaceae","Bartonella","Bartonella"
"Camelimonas","Bacteria","Proteobacteria","Alphaproteobacteria","Rhizobiales","Beijerinckiaceae","Camelimonas","Camelimonas"
"Chelatococcus","Bacteria","Proteobacteria","Alphaproteobacteria","Rhizobiales","Beijerinckiaceae","Chelatococcus","Chelatococcus"
"Methylocapsa","Bacteria","Proteobacteria","Alphaproteobacteria","Rhizobiales","Beijerinckiaceae","Methylocapsa","Methylocapsa"
"Salinarimonas","Bacteria","Proteobacteria","Alphaproteobacteria","Rhizobiales","Beijerinckiaceae","Salinarimonas","Salinarimonas"
"Ochrobactrum","Bacteria","Proteobacteria","Alphaproteobacteria","Rhizobiales","Brucellaceae","Ochrobactrum","Ochrobactrum"
"Hyphomicrobium","Bacteria","Proteobacteria","Alphaproteobacteria","Rhizobiales","Hyphomicrobiaceae","Hyphomicrobium","Hyphomicrobium"
"Pedomicrobium","Bacteria","Proteobacteria","Alphaproteobacteria","Rhizobiales","Hyphomicrobiaceae","Pedomicrobium","Pedomicrobium"
"Methylobacterium","Bacteria","Proteobacteria","Alphaproteobacteria","Rhizobiales","Methylobacteriaceae","Methylobacterium","Methylobacterium"
"Aquamicrobium","Bacteria","Proteobacteria","Alphaproteobacteria","Rhizobiales","Phyllobacteriaceae","Aquamicrobium","Aquamicrobium"
"Chelativorans","Bacteria","Proteobacteria","Alphaproteobacteria","Rhizobiales","Phyllobacteriaceae","Chelativorans","Chelativorans"
"Hoeflea","Bacteria","Proteobacteria","Alphaproteobacteria","Rhizobiales","Phyllobacteriaceae","Hoeflea","Hoeflea"
"Thermovum","Bacteria","Proteobacteria","Alphaproteobacteria","Rhizobiales","Phyllobacteriaceae","Thermovum","Thermovum"
"Amorphomonas","Bacteria","Proteobacteria","Alphaproteobacteria","Rhizobiales","Rhizobiaceae","Amorphomonas","Amorphomonas"
"Prosthecomicrobium","Bacteria","Proteobacteria","Alphaproteobacteria","Rhizobiales","Rhizobiaceae","Prosthecomicrobium","Prosthecomicrobium"
"Rhizobium","Bacteria","Proteobacteria","Alphaproteobacteria","Rhizobiales","Rhizobiaceae","Rhizobium","Rhizobium"
"Ancylobacter","Bacteria","Proteobacteria","Alphaproteobacteria","Rhizobiales","Xanthobacteraceae","Ancylobacter","Ancylobacter"
"Starkeya","Bacteria","Proteobacteria","Alphaproteobacteria","Rhizobiales","Xanthobacteraceae","Starkeya","Starkeya"
"Xanthobacter","Bacteria","Proteobacteria","Alphaproteobacteria","Rhizobiales","Xanthobacteraceae","Xanthobacter","Xanthobacter"
"Woodsholea","Bacteria","Proteobacteria","Alphaproteobacteria","Rhodobacterales","Hyphomonadaceae","Woodsholea","Woodsholea"
"Albidovulum","Bacteria","Proteobacteria","Alphaproteobacteria","Rhodobacterales","Rhodobacteraceae","Albidovulum","Albidovulum"
"Haematobacter","Bacteria","Proteobacteria","Alphaproteobacteria","Rhodobacterales","Rhodobacteraceae","Haematobacter","Haematobacter"
"Oceanicella","Bacteria","Proteobacteria","Alphaproteobacteria","Rhodobacterales","Rhodobacteraceae","Oceanicella","Oceanicella"
"Oceaniovalibus","Bacteria","Proteobacteria","Alphaproteobacteria","Rhodobacterales","Rhodobacteraceae","Oceaniovalibus","Oceaniovalibus"
"Paracoccus","Bacteria","Proteobacteria","Alphaproteobacteria","Rhodobacterales","Rhodobacteraceae","Paracoccus","Paracoccus"
"Rhodobacter","Bacteria","Proteobacteria","Alphaproteobacteria","Rhodobacterales","Rhodobacteraceae","Rhodobacter","Rhodobacter"
"Acetobacter","Bacteria","Proteobacteria","Alphaproteobacteria","Rhodospirillales","Acetobacteraceae","Acetobacter","Acetobacter"
"Belnapia","Bacteria","Proteobacteria","Alphaproteobacteria","Rhodospirillales","Acetobacteraceae","Belnapia","Belnapia"
"Gluconacetobacter","Bacteria","Proteobacteria","Alphaproteobacteria","Rhodospirillales","Acetobacteraceae","Gluconacetobacter","Gluconacetobacter"
"Rhodovarius","Bacteria","Proteobacteria","Alphaproteobacteria","Rhodospirillales","Acetobacteraceae","Rhodovarius","Rhodovarius"
"Roseomonas","Bacteria","Proteobacteria","Alphaproteobacteria","Rhodospirillales","Acetobacteraceae","Roseomonas","Roseomonas"
"Saccharibacter","Bacteria","Proteobacteria","Alphaproteobacteria","Rhodospirillales","Acetobacteraceae","Saccharibacter","Saccharibacter"
"Azospirillum","Bacteria","Proteobacteria","Alphaproteobacteria","Rhodospirillales","Rhodospirillaceae","Azospirillum","Azospirillum"
"Dongia","Bacteria","Proteobacteria","Alphaproteobacteria","Rhodospirillales","Rhodospirillaceae","Dongia","Dongia"
"Elstera","Bacteria","Proteobacteria","Alphaproteobacteria","Rhodospirillales","Rhodospirillaceae","Elstera","Elstera"
"Novispirillum","Bacteria","Proteobacteria","Alphaproteobacteria","Rhodospirillales","Rhodospirillaceae","Novispirillum","Novispirillum"
"Oceanibaculum","Bacteria","Proteobacteria","Alphaproteobacteria","Rhodospirillales","Rhodospirillaceae","Oceanibaculum","Oceanibaculum"
"Phaeospirillum","Bacteria","Proteobacteria","Alphaproteobacteria","Rhodospirillales","Rhodospirillaceae","Phaeospirillum","Phaeospirillum"
"Reyranella","Bacteria","Proteobacteria","Alphaproteobacteria","Rhodospirillales","Rhodospirillaceae","Reyranella","Reyranella"
"Stella","Bacteria","Proteobacteria","Alphaproteobacteria","Rhodospirillales","Rhodospirillaceae","Stella","Stella"
"Anaplasma","Bacteria","Proteobacteria","Alphaproteobacteria","Rickettsiales","Anaplasmataceae","Anaplasma","Anaplasma"
"Ehrlichia","Bacteria","Proteobacteria","Alphaproteobacteria","Rickettsiales","Anaplasmataceae","Ehrlichia","Ehrlichia"
"Malus","Bacteria","Proteobacteria","Alphaproteobacteria","Rickettsiales","mitochondria","Malus","Malus"
"Rickettsia","Bacteria","Proteobacteria","Alphaproteobacteria","Rickettsiales","Rickettsiaceae","Rickettsia","Rickettsia"
"Altererythrobacter","Bacteria","Proteobacteria","Alphaproteobacteria","Sphingomonadales","Erythrobacteraceae","Altererythrobacter","Altererythrobacter"
"Erythrobacter","Bacteria","Proteobacteria","Alphaproteobacteria","Sphingomonadales","Erythrobacteraceae","Erythrobacter","Erythrobacter"
"Porphyrobacter","Bacteria","Proteobacteria","Alphaproteobacteria","Sphingomonadales","Erythrobacteraceae","Porphyrobacter","Porphyrobacter"
"Novosphingobium","Bacteria","Proteobacteria","Alphaproteobacteria","Sphingomonadales","Sphingomonadaceae","Novosphingobium","Novosphingobium"
"Sandaracinobacter","Bacteria","Proteobacteria","Alphaproteobacteria","Sphingomonadales","Sphingomonadaceae","Sandaracinobacter","Sandaracinobacter"
"Sandarakinorhabdus","Bacteria","Proteobacteria","Alphaproteobacteria","Sphingomonadales","Sphingomonadaceae","Sandarakinorhabdus","Sandarakinorhabdus"
"Sphingobium","Bacteria","Proteobacteria","Alphaproteobacteria","Sphingomonadales","Sphingomonadaceae","Sphingobium","Sphingobium"
"Sphingomonas","Bacteria","Proteobacteria","Alphaproteobacteria","Sphingomonadales","Sphingomonadaceae","Sphingomonas","Sphingomonas"
"Sphingosinicella","Bacteria","Proteobacteria","Alphaproteobacteria","Sphingomonadales","Sphingomonadaceae","Sphingosinicella","Sphingosinicella"
"Advenella","Bacteria","Proteobacteria","Betaproteobacteria","Burkholderiales","Alcaligenaceae","Advenella","Advenella"
"Bordetella","Bacteria","Proteobacteria","Betaproteobacteria","Burkholderiales","Alcaligenaceae","Bordetella","Bordetella"
"Brackiella","Bacteria","Proteobacteria","Betaproteobacteria","Burkholderiales","Alcaligenaceae","Brackiella","Brackiella"
"Kerstersia","Bacteria","Proteobacteria","Betaproteobacteria","Burkholderiales","Alcaligenaceae","Kerstersia","Kerstersia"
"Oligella","Bacteria","Proteobacteria","Betaproteobacteria","Burkholderiales","Alcaligenaceae","Oligella","Oligella"
"Paralcaligenes","Bacteria","Proteobacteria","Betaproteobacteria","Burkholderiales","Alcaligenaceae","Paralcaligenes","Paralcaligenes"
"Pusillimonas","Bacteria","Proteobacteria","Betaproteobacteria","Burkholderiales","Alcaligenaceae","Pusillimonas","Pusillimonas"
"Acidovorax","Bacteria","Proteobacteria","Betaproteobacteria","Burkholderiales","Comamonadaceae","Acidovorax","Acidovorax"
"Brachymonas","Bacteria","Proteobacteria","Betaproteobacteria","Burkholderiales","Comamonadaceae","Brachymonas","Brachymonas"
"Caldimonas","Bacteria","Proteobacteria","Betaproteobacteria","Burkholderiales","Comamonadaceae","Caldimonas","Caldimonas"
"Inhella","Bacteria","Proteobacteria","Betaproteobacteria","Burkholderiales","Comamonadaceae","Inhella","Inhella"
"Pelomonas","Bacteria","Proteobacteria","Betaproteobacteria","Burkholderiales","Comamonadaceae","Pelomonas","Pelomonas"
"Pseudorhodoferax","Bacteria","Proteobacteria","Betaproteobacteria","Burkholderiales","Comamonadaceae","Pseudorhodoferax","Pseudorhodoferax"
"Roseateles","Bacteria","Proteobacteria","Betaproteobacteria","Burkholderiales","Comamonadaceae","Roseateles","Roseateles"
"Sphaerotilus","Bacteria","Proteobacteria","Betaproteobacteria","Burkholderiales","Comamonadaceae","Sphaerotilus","Sphaerotilus"
"Bacteria_Proteobacteria_Betaproteobacteria_Burkholderiales_Comamonadaceae_Vitreoscilla","Bacteria","Proteobacteria","Betaproteobacteria","Burkholderiales","Comamonadaceae","Vitreoscilla","Bacteria_Proteobacteria_Betaproteobacteria_Burkholderiales_Comamonadaceae_Vitreoscilla"
"Herbaspirillum","Bacteria","Proteobacteria","Betaproteobacteria","Burkholderiales","Oxalobacteraceae","Herbaspirillum","Herbaspirillum"
"Massilia","Bacteria","Proteobacteria","Betaproteobacteria","Burkholderiales","Oxalobacteraceae","Massilia","Massilia"
"Naxibacter","Bacteria","Proteobacteria","Betaproteobacteria","Burkholderiales","Oxalobacteraceae","Naxibacter","Naxibacter"
"Methylotenera","Bacteria","Proteobacteria","Betaproteobacteria","Methylophilales","Methylophilaceae","Methylotenera","Methylotenera"
"Methylovorus","Bacteria","Proteobacteria","Betaproteobacteria","Methylophilales","Methylophilaceae","Methylovorus","Methylovorus"
"Alysiella","Bacteria","Proteobacteria","Betaproteobacteria","Neisseriales","Neisseriaceae","Alysiella","Alysiella"
"Aquaspirillum","Bacteria","Proteobacteria","Betaproteobacteria","Neisseriales","Neisseriaceae","Aquaspirillum","Aquaspirillum"
"Aquitalea","Bacteria","Proteobacteria","Betaproteobacteria","Neisseriales","Neisseriaceae","Aquitalea","Aquitalea"
"Formivibrio","Bacteria","Proteobacteria","Betaproteobacteria","Neisseriales","Neisseriaceae","Formivibrio","Formivibrio"
"Gulbenkiania","Bacteria","Proteobacteria","Betaproteobacteria","Neisseriales","Neisseriaceae","Gulbenkiania","Gulbenkiania"
"Iodobacter","Bacteria","Proteobacteria","Betaproteobacteria","Neisseriales","Neisseriaceae","Iodobacter","Iodobacter"
"Kingella","Bacteria","Proteobacteria","Betaproteobacteria","Neisseriales","Neisseriaceae","Kingella","Kingella"
"Neisseria","Bacteria","Proteobacteria","Betaproteobacteria","Neisseriales","Neisseriaceae","Neisseria","Neisseria"
"Pseudogulbenkiania","Bacteria","Proteobacteria","Betaproteobacteria","Neisseriales","Neisseriaceae","Pseudogulbenkiania","Pseudogulbenkiania"
"Snodgrassella","Bacteria","Proteobacteria","Betaproteobacteria","Neisseriales","Neisseriaceae","Snodgrassella","Snodgrassella"
"Bacteria_Proteobacteria_Betaproteobacteria_Neisseriales_Neisseriaceae_Vitreoscilla","Bacteria","Proteobacteria","Betaproteobacteria","Neisseriales","Neisseriaceae","Vitreoscilla","Bacteria_Proteobacteria_Betaproteobacteria_Neisseriales_Neisseriaceae_Vitreoscilla"
"Nitrosomonas","Bacteria","Proteobacteria","Betaproteobacteria","Nitrosomonadales","Nitrosomonadaceae","Nitrosomonas","Nitrosomonas"
"Nitrosospira","Bacteria","Proteobacteria","Betaproteobacteria","Nitrosomonadales","Nitrosomonadaceae","Nitrosospira","Nitrosospira"
"Azoarcus","Bacteria","Proteobacteria","Betaproteobacteria","Rhodocyclales","Rhodocyclaceae","Azoarcus","Azoarcus"
"Azospira","Bacteria","Proteobacteria","Betaproteobacteria","Rhodocyclales","Rhodocyclaceae","Azospira","Azospira"
"Denitromonas","Bacteria","Proteobacteria","Betaproteobacteria","Rhodocyclales","Rhodocyclaceae","Denitromonas","Denitromonas"
"Georgfuchsia","Bacteria","Proteobacteria","Betaproteobacteria","Rhodocyclales","Rhodocyclaceae","Georgfuchsia","Georgfuchsia"
"Peredibacter","Bacteria","Proteobacteria","Deltaproteobacteria","Bdellovibrionales","Bacteriovoracaceae","Peredibacter","Peredibacter"
"Bdellovibrio","Bacteria","Proteobacteria","Deltaproteobacteria","Bdellovibrionales","Bdellovibrionaceae","Bdellovibrio","Bdellovibrio"
"Desulfobulbus","Bacteria","Proteobacteria","Deltaproteobacteria","Desulfobacterales","Desulfobulbaceae","Desulfobulbus","Desulfobulbus"
"Desulfomicrobium","Bacteria","Proteobacteria","Deltaproteobacteria","Desulfovibrionales","Desulfomicrobiaceae","Desulfomicrobium","Desulfomicrobium"
"Desulfovibrio","Bacteria","Proteobacteria","Deltaproteobacteria","Desulfovibrionales","Desulfovibrionaceae","Desulfovibrio","Desulfovibrio"
"Nannocystis","Bacteria","Proteobacteria","Deltaproteobacteria","Myxococcales","Nannocystaceae","Nannocystis","Nannocystis"
"Polyangium","Bacteria","Proteobacteria","Deltaproteobacteria","Myxococcales","Polyangiaceae","Polyangium","Polyangium"
"Desulfovirga","Bacteria","Proteobacteria","Deltaproteobacteria","Syntrophobacterales","Syntrophobacteraceae","Desulfovirga","Desulfovirga"
"Arcobacter","Bacteria","Proteobacteria","Epsilonproteobacteria","Campylobacterales","Campylobacteraceae","Arcobacter","Arcobacter"
"Campylobacter","Bacteria","Proteobacteria","Epsilonproteobacteria","Campylobacterales","Campylobacteraceae","Campylobacter","Campylobacter"
"Sulfurospirillum","Bacteria","Proteobacteria","Epsilonproteobacteria","Campylobacterales","Campylobacteraceae","Sulfurospirillum","Sulfurospirillum"
"Helicobacter","Bacteria","Proteobacteria","Epsilonproteobacteria","Campylobacterales","Helicobacteraceae","Helicobacter","Helicobacter"
"Aeromonas","Bacteria","Proteobacteria","Gammaproteobacteria","Aeromonadales","Aeromonadaceae","Aeromonas","Aeromonas"
"Zobellella","Bacteria","Proteobacteria","Gammaproteobacteria","Aeromonadales","Aeromonadaceae","Zobellella","Zobellella"
"Anaerobiospirillum","Bacteria","Proteobacteria","Gammaproteobacteria","Aeromonadales","Succinivibrionaceae","Anaerobiospirillum","Anaerobiospirillum"
"Ruminobacter","Bacteria","Proteobacteria","Gammaproteobacteria","Aeromonadales","Succinivibrionaceae","Ruminobacter","Ruminobacter"
"Succinivibrio","Bacteria","Proteobacteria","Gammaproteobacteria","Aeromonadales","Succinivibrionaceae","Succinivibrio","Succinivibrio"
"Rheinheimera","Bacteria","Proteobacteria","Gammaproteobacteria","Alteromonadales","[Chromatiaceae]","Rheinheimera","Rheinheimera"
"Aliagarivorans","Bacteria","Proteobacteria","Gammaproteobacteria","Alteromonadales","Alteromonadaceae","Aliagarivorans","Aliagarivorans"
"Cellvibrio","Bacteria","Proteobacteria","Gammaproteobacteria","Alteromonadales","Alteromonadaceae","Cellvibrio","Cellvibrio"
"Gilvimarinus","Bacteria","Proteobacteria","Gammaproteobacteria","Alteromonadales","Alteromonadaceae","Gilvimarinus","Gilvimarinus"
"Thalassomonas","Bacteria","Proteobacteria","Gammaproteobacteria","Alteromonadales","Colwelliaceae","Thalassomonas","Thalassomonas"
"Spongiibacter","Bacteria","Proteobacteria","Gammaproteobacteria","Alteromonadales","J115","Spongiibacter","Spongiibacter"
"Thioalkalivibrio","Bacteria","Proteobacteria","Gammaproteobacteria","Chromatiales","Ectothiorhodospiraceae","Thioalkalivibrio","Thioalkalivibrio"
"Cedecea","Bacteria","Proteobacteria","Gammaproteobacteria","Enterobacteriales","Enterobacteriaceae","Cedecea","Cedecea"
"Enterobacter","Bacteria","Proteobacteria","Gammaproteobacteria","Enterobacteriales","Enterobacteriaceae","Enterobacter","Enterobacter"
"Escherichia","Bacteria","Proteobacteria","Gammaproteobacteria","Enterobacteriales","Enterobacteriaceae","Escherichia","Escherichia"
"Moellerella","Bacteria","Proteobacteria","Gammaproteobacteria","Enterobacteriales","Enterobacteriaceae","Moellerella","Moellerella"
"Pantoea","Bacteria","Proteobacteria","Gammaproteobacteria","Enterobacteriales","Enterobacteriaceae","Pantoea","Pantoea"
"Proteus","Bacteria","Proteobacteria","Gammaproteobacteria","Enterobacteriales","Enterobacteriaceae","Proteus","Proteus"
"Bacteria_Proteobacteria_Gammaproteobacteria_Enterobacteriales_Enterobacteriaceae_Pseudomonas","Bacteria","Proteobacteria","Gammaproteobacteria","Enterobacteriales","Enterobacteriaceae","Pseudomonas","Bacteria_Proteobacteria_Gammaproteobacteria_Enterobacteriales_Enterobacteriaceae_Pseudomonas"
"Legionella","Bacteria","Proteobacteria","Gammaproteobacteria","Legionellales","Legionellaceae","Legionella","Legionella"
"Methylococcus","Bacteria","Proteobacteria","Gammaproteobacteria","Methylococcales","Methylococcaceae","Methylococcus","Methylococcus"
"Halomonas","Bacteria","Proteobacteria","Gammaproteobacteria","Oceanospirillales","Halomonadaceae","Halomonas","Halomonas"
"Oleiphilus","Bacteria","Proteobacteria","Gammaproteobacteria","Oceanospirillales","Oleiphilaceae","Oleiphilus","Oleiphilus"
"Actinobacillus","Bacteria","Proteobacteria","Gammaproteobacteria","Pasteurellales","Pasteurellaceae","Actinobacillus","Actinobacillus"
"Bibersteinia","Bacteria","Proteobacteria","Gammaproteobacteria","Pasteurellales","Pasteurellaceae","Bibersteinia","Bibersteinia"
"Nicoletella","Bacteria","Proteobacteria","Gammaproteobacteria","Pasteurellales","Pasteurellaceae","Nicoletella","Nicoletella"
"Acinetobacter","Bacteria","Proteobacteria","Gammaproteobacteria","Pseudomonadales","Moraxellaceae","Acinetobacter","Acinetobacter"
"Alkanindiges","Bacteria","Proteobacteria","Gammaproteobacteria","Pseudomonadales","Moraxellaceae","Alkanindiges","Alkanindiges"
"Enhydrobacter","Bacteria","Proteobacteria","Gammaproteobacteria","Pseudomonadales","Moraxellaceae","Enhydrobacter","Enhydrobacter"
"Moraxella","Bacteria","Proteobacteria","Gammaproteobacteria","Pseudomonadales","Moraxellaceae","Moraxella","Moraxella"
"Psychrobacter","Bacteria","Proteobacteria","Gammaproteobacteria","Pseudomonadales","Moraxellaceae","Psychrobacter","Psychrobacter"
"Bacteria_Proteobacteria_Gammaproteobacteria_Pseudomonadales_Pseudomonadaceae_Pseudomonas","Bacteria","Proteobacteria","Gammaproteobacteria","Pseudomonadales","Pseudomonadaceae","Pseudomonas","Bacteria_Proteobacteria_Gammaproteobacteria_Pseudomonadales_Pseudomonadaceae_Pseudomonas"
"Serpens","Bacteria","Proteobacteria","Gammaproteobacteria","Pseudomonadales","Pseudomonadaceae","Serpens","Serpens"
"Pseudoalteromonas","Bacteria","Proteobacteria","Gammaproteobacteria","Vibrionales","Pseudoalteromonadaceae","Pseudoalteromonas","Pseudoalteromonas"
"Bacteria_Proteobacteria_Gammaproteobacteria_Vibrionales_Pseudoalteromonadaceae_Vibrio","Bacteria","Proteobacteria","Gammaproteobacteria","Vibrionales","Pseudoalteromonadaceae","Vibrio","Bacteria_Proteobacteria_Gammaproteobacteria_Vibrionales_Pseudoalteromonadaceae_Vibrio"
"Enterovibrio","Bacteria","Proteobacteria","Gammaproteobacteria","Vibrionales","Vibrionaceae","Enterovibrio","Enterovibrio"
"Bacteria_Proteobacteria_Gammaproteobacteria_Vibrionales_Vibrionaceae_Vibrio","Bacteria","Proteobacteria","Gammaproteobacteria","Vibrionales","Vibrionaceae","Vibrio","Bacteria_Proteobacteria_Gammaproteobacteria_Vibrionales_Vibrionaceae_Vibrio"
"Achromobacter","Bacteria","Proteobacteria","Gammaproteobacteria","Xanthomonadales","Xanthomonadaceae","Achromobacter","Achromobacter"
"Aquimonas","Bacteria","Proteobacteria","Gammaproteobacteria","Xanthomonadales","Xanthomonadaceae","Aquimonas","Aquimonas"
"Aspromonas","Bacteria","Proteobacteria","Gammaproteobacteria","Xanthomonadales","Xanthomonadaceae","Aspromonas","Aspromonas"
"Fulvimonas","Bacteria","Proteobacteria","Gammaproteobacteria","Xanthomonadales","Xanthomonadaceae","Fulvimonas","Fulvimonas"
"Lysobacter","Bacteria","Proteobacteria","Gammaproteobacteria","Xanthomonadales","Xanthomonadaceae","Lysobacter","Lysobacter"
"Pseudofulvimonas","Bacteria","Proteobacteria","Gammaproteobacteria","Xanthomonadales","Xanthomonadaceae","Pseudofulvimonas","Pseudofulvimonas"
"Pseudoxanthomonas","Bacteria","Proteobacteria","Gammaproteobacteria","Xanthomonadales","Xanthomonadaceae","Pseudoxanthomonas","Pseudoxanthomonas"
"Silanimonas","Bacteria","Proteobacteria","Gammaproteobacteria","Xanthomonadales","Xanthomonadaceae","Silanimonas","Silanimonas"
"Stenotrophomonas","Bacteria","Proteobacteria","Gammaproteobacteria","Xanthomonadales","Xanthomonadaceae","Stenotrophomonas","Stenotrophomonas"
"Thermomonas","Bacteria","Proteobacteria","Gammaproteobacteria","Xanthomonadales","Xanthomonadaceae","Thermomonas","Thermomonas"
"Xanthomonas","Bacteria","Proteobacteria","Gammaproteobacteria","Xanthomonadales","Xanthomonadaceae","Xanthomonas","Xanthomonas"
"Spirochaeta","Bacteria","Spirochaetes","Spirochaetes","Spirochaetales","Spirochaetaceae","Spirochaeta","Spirochaeta"
"Treponema","Bacteria","Spirochaetes","Spirochaetes","Spirochaetales","Spirochaetaceae","Treponema","Treponema"
"Pyramidobacter","Bacteria","Synergistetes","Synergistia","Synergistales","Dethiosulfovibrionaceae","Pyramidobacter","Pyramidobacter"
"Acholeplasma","Bacteria","Tenericutes","Mollicutes","Acholeplasmatales","Acholeplasmataceae","Acholeplasma","Acholeplasma"
"Bacteria_Tenericutes_Mollicutes_Anaeroplasmatales_Anaeroplasmataceae_gut","Bacteria","Tenericutes","Mollicutes","Anaeroplasmatales","Anaeroplasmataceae","gut","Bacteria_Tenericutes_Mollicutes_Anaeroplasmatales_Anaeroplasmataceae_gut"
"Mycoplasma","Bacteria","Tenericutes","Mollicutes","Mycoplasmatales","Mycoplasmataceae","Mycoplasma","Mycoplasma"
"Ellin506","Bacteria","Verrucomicrobia","[Spartobacteria]","[Chthoniobacterales]","[Chthoniobacteraceae]","Ellin506","Ellin506"
"Akkermansia","Bacteria","Verrucomicrobia","Verrucomicrobiae","Verrucomicrobiales","Verrucomicrobiaceae","Akkermansia","Akkermansia"
"Haloferula","Bacteria","Verrucomicrobia","Verrucomicrobiae","Verrucomicrobiales","Verrucomicrobiaceae","Haloferula","Haloferula"
"Prosthecobacter","Bacteria","Verrucomicrobia","Verrucomicrobiae","Verrucomicrobiales","Verrucomicrobiaceae","Prosthecobacter","Prosthecobacter"
